{
  "hash": "c70419bd",
  "configHash": "6a17242d",
  "lockfileHash": "8569c77b",
  "browserHash": "b5a09b97",
  "optimized": {
    "@angular/core": {
      "src": "../../../../../node_modules/@angular/core/fesm2022/core.mjs",
      "file": "@angular_core.js",
      "fileHash": "cb218f00",
      "needsInterop": false
    },
    "@angular/platform-browser": {
      "src": "../../../../../node_modules/@angular/platform-browser/fesm2022/platform-browser.mjs",
      "file": "@angular_platform-browser.js",
      "fileHash": "51463efa",
      "needsInterop": false
    },
    "@angular/router": {
      "src": "../../../../../node_modules/@angular/router/fesm2022/router.mjs",
      "file": "@angular_router.js",
      "fileHash": "d4599a68",
      "needsInterop": false
    }
  },
  "chunks": {
    "chunk-47KISYWW": {
      "file": "chunk-47KISYWW.js"
    },
    "chunk-FWKUUQ7E": {
      "file": "chunk-FWKUUQ7E.js"
    }
  }
}